{
  "project_info": {
    "project_number": "653871594856",
    "project_id": "appfirebase2-7835b",
    "storage_bucket": "appfirebase2-7835b.firebasestorage.app"
  },
  "client": [
    {
      "client_info": {
        "mobilesdk_app_id": "1:653871594856:android:d1a4d719cf3148973e2add",
        "android_client_info": {
          "package_name": "com.example.app_firebase"
        }
      },
      "oauth_client": [],
      "api_key": [
        {
          "current_key": "AIzaSyDrN0d5Rji7JVOYHujXGGeEM7RyEGHxYjo"
        }
      ],
      "services": {
        "appinvite_service": {
          "other_platform_oauth_client": []
        }
      }
    }
  ],
  "configuration_version": "1"
}